"Qubit","T1 (us)","T2 (us)","Readout assignment error","Prob meas0 prep1","Prob meas1 prep0","Readout length (ns)","ID error","Single-qubit gate length (ns)","RX error","Z-axis rotation (rz) error","âˆšx (sx) error","Pauli-X error","Gate length (ns)","CZ error","RZZ error","MEASURE error","Operational"
"0","55.53970848851125","48.80779042628282","0.0400390625","0.07568359375","0.00439453125","1560","0.0032209427553813777","24","0.0032209427553813777","0","0.0032209427553813777","0.0032209427553813777","1:68","1:0.031131683513298536","1:0.06733749604354425","0.0400390625","Yes"
"1","216.47224360430346","255.882014614402","0.0244140625","0.034423828125","0.014404296875","1560","0.0003650255521676111","24","0.0003650255521676111","0","0.0003650255521676111","0.0003650255521676111","2:68;0:68","2:0.0031216100464716845;0:0.031131683513298536","2:0.00210815844185519;0:0.06733749604354425","0.0244140625","Yes"
"2","144.58950836881453","101.96876995626074","0.0078125","0.00927734375","0.00634765625","1560","0.00019631972470791762","24","0.00019631972470791762","0","0.00019631972470791762","0.00019631972470791762","1:68;3:68","1:0.0031216100464716845;3:0.0028680777231431254","1:0.00210815844185519;3:0.001259662105433268","0.0078125","Yes"
"3","144.54220045281443","160.95581515547136","0.0487060546875","0.046630859375","0.05078125","1560","0.00026146547302213275","24","0.00026146547302213275","0","0.00026146547302213275","0.00026146547302213275","16:68;2:68;4:68","16:0.002085879057829698;2:0.0028680777231431254;4:0.002810689391149007","16:0.001605054506032294;2:0.001259662105433268;4:0.0059563266940542425","0.0487060546875","Yes"
"4","117.35923540064586","106.95547439568838","0.009765625","0.01123046875","0.00830078125","1560","0.00033930070289566773","24","0.00033930070289566773","0","0.00033930070289566773","0.00033930070289566773","3:68;5:68","3:0.002810689391149007;5:0.002873877495822741","3:0.0059563266940542425;5:0.0034940373176442496","0.009765625","Yes"
"5","240.29007096101336","208.16803203039248","0.0489501953125","0.055419921875","0.04248046875","1560","0.000290601543610761","24","0.000290601543610761","0","0.000290601543610761","0.000290601543610761","6:68;4:68","6:0.007051118121399358;4:0.002873877495822741","6:0.0125278514196705;4:0.0034940373176442496","0.0489501953125","Yes"
"6","189.78866914692287","156.2919603901347","0.018798828125","0.017822265625","0.019775390625","1560","0.00027772353421245304","24","0.00027772353421245304","0","0.00027772353421245304","0.00027772353421245304","5:68;7:68","5:0.007051118121399358;7:0.0024261324068285406","5:0.0125278514196705;7:0.0027103264168603924","0.018798828125","Yes"
"7","100.3173454141196","37.896896350651865","0.0250244140625","0.03369140625","0.016357421875","1560","0.0004654896164231986","24","0.0004654896164231986","0","0.0004654896164231986","0.0004654896164231986","17:68;6:68;8:68","17:0.002978459805706768;6:0.0024261324068285406;8:0.0028770673695448223","17:0.002813454509108443;6:0.0027103264168603924;8:0.003095185122316768","0.0250244140625","Yes"
"8","163.42503147063246","41.469907640693144","0.006591796875","0.009521484375","0.003662109375","1560","0.0002495926431383163","24","0.0002495926431383163","0","0.0002495926431383163","0.0002495926431383163","9:68;7:68","9:0.0023196031606749767;7:0.0028770673695448223","9:0.0020332559718163057;7:0.003095185122316768","0.006591796875","Yes"
"9","198.631504778608","19.934904406101698","0.015869140625","0.01904296875","0.0126953125","1560","0.00021804955068953656","24","0.00021804955068953656","0","0.00021804955068953656","0.00021804955068953656","8:68;10:68","8:0.0023196031606749767;10:0.001444212248364718","8:0.0020332559718163057;10:0.0016335464642879272","0.015869140625","Yes"
"10","201.1121252107415","112.77689490780605","0.0087890625","0.00927734375","0.001953125","1560","0.00017294143179273272","24","0.00017294143179273272","0","0.00017294143179273272","0.00017294143179273272","9:68;11:68","9:0.001444212248364718;11:0.009294720265155404","9:0.0016335464642879272;11:0.008870641006351404","0.0087890625","Yes"
"11","118.46452297585816","83.64618141846653","0.01611328125","0.01904296875","0.01318359375","1560","0.0010495951557357517","24","0.0010495951557357517","0","0.0010495951557357517","0.0010495951557357517","18:68;10:68;12:68","18:0.018487537244563645;10:0.009294720265155404;12:0.00697848479923574","18:0.020131434228642747;10:0.008870641006351404;12:0.007338959563372022","0.01611328125","Yes"
"12","72.0780098481698","74.81505505450174","0.0224609375","0.028076171875","0.016845703125","1560","0.0004045892849505765","24","0.0004045892849505765","0","0.0004045892849505765","0.0004045892849505765","13:68;11:68","13:0.0048385446481349625;11:0.00697848479923574","13:0.004169694658106404;11:0.007338959563372022","0.0224609375","Yes"
"13","181.53470811424756","126.6994385174417","0.0216064453125","0.021240234375","0.02197265625","1560","0.00035351395270897764","24","0.00035351395270897764","0","0.00035351395270897764","0.00035351395270897764","12:68;14:68","12:0.0048385446481349625;14:0.0018396210504111055","12:0.004169694658106404;14:0.003986193317986886","0.0216064453125","Yes"
"14","168.09727994412606","63.03657582778243","0.009765625","0.005126953125","0.014404296875","1560","0.0004250413161669303","24","0.0004250413161669303","0","0.0004250413161669303","0.0004250413161669303","15:68;13:68","15:0.002017591469501867;13:0.0018396210504111055","15:0.0017136442637079308;13:0.003986193317986886","0.009765625","Yes"
"15","414.7915847411953","227.51979558769278","0.023681640625","0.03515625","0.01220703125","1560","0.00018082732860350755","24","0.00018082732860350755","0","0.00018082732860350755","0.00018082732860350755","14:68;19:68","14:0.002017591469501867;19:0.0021031110583231427","14:0.0017136442637079308;19:0.0020608312270540274","0.023681640625","Yes"
"16","107.49626127888423","94.17388119283764","0.0068359375","0.012939453125","0.000732421875","1560","0.00039124565781927136","24","0.00039124565781927136","0","0.00039124565781927136","0.00039124565781927136","23:68;3:68","23:0.0032641485994504282;3:0.002085879057829698","23:0.002140767526778914;3:0.001605054506032294","0.0068359375","Yes"
"17","138.6334495235194","105.32705566578785","0.0198974609375","0.01513671875","0.024658203125","1560","0.0003998022251005002","24","0.0003998022251005002","0","0.0003998022251005002","0.0003998022251005002","7:68;27:68","7:0.002978459805706768;27:0.032006850631577155","7:0.002813454509108443;27:0.03390244167956663","0.0198974609375","Yes"
"18","77.53317268217846","44.71972615663492","0.010986328125","0.020751953125","0.001220703125","1560","0.00039438406378451213","24","0.00039438406378451213","0","0.00039438406378451213","0.00039438406378451213","11:68;31:68","11:0.018487537244563645;31:0.004041982875647748","11:0.020131434228642747;31:0.0034756368881565802","0.010986328125","Yes"
"19","169.05785210059395","172.46695395112465","0.010498046875","0.01416015625","0.0068359375","1560","0.0004071394446809607","24","0.0004071394446809607","0","0.0004071394446809607","0.0004071394446809607","35:68;15:68","35:0.0018322061625394848;15:0.0021031110583231427","35:0.0020421253686985774;15:0.0020608312270540274","0.010498046875","Yes"
"20","114.00524156779083","104.33084283073758","0.01220703125","0.012939453125","0.011474609375","1560","0.00029654821058150264","24","0.00029654821058150264","0","0.00029654821058150264","0.00029654821058150264","21:68","21:0.0037274837599517996","21:0.003364607052167956","0.01220703125","Yes"
"21","259.87198829229413","205.38292049373723","0.0103759765625","0.013427734375","0.00732421875","1560","0.00015426942583310116","24","0.00015426942583310116","0","0.00015426942583310116","0.00015426942583310116","36:68;20:68;22:68","36:0.008187527501747227;20:0.0037274837599517996;22:0.0028012615446192934","36:0.004941437923298153;20:0.003364607052167956;22:0.0036813968001020436","0.0103759765625","Yes"
"22","88.83928546661662","85.93563529536532","0.006103515625","0.009765625","0.00244140625","1560","0.0002596171109073388","24","0.0002596171109073388","0","0.0002596171109073388","0.0002596171109073388","23:68;21:68","23:0.0021636368581343934;21:0.0028012615446192934","23:0.0028580483413060964;21:0.0036813968001020436","0.006103515625","Yes"
"23","219.06455318217414","222.76155470126787","0.0052490234375","0.00732421875","0.003173828125","1560","0.00013207022053404936","24","0.00013207022053404936","0","0.00013207022053404936","0.00013207022053404936","22:68;24:68;16:68","22:0.0021636368581343934;24:0.004715187135178517;16:0.0032641485994504282","22:0.0028580483413060964;24:0.00713045641566068;16:0.002140767526778914","0.0052490234375","Yes"
"24","100.68419056737251","138.31089363021377","0.01806640625","0.019775390625","0.016357421875","1560","0.0012868480802480018","24","0.0012868480802480018","0","0.0012868480802480018","0.0012868480802480018","23:68;25:68","23:0.004715187135178517;25:0.02138044019425331","23:0.00713045641566068;25:0.02180526980193992","0.01806640625","Yes"
"25","152.23244224505117","132.06398409672536","0.0291748046875","0.033935546875","0.0244140625","1560","0.00019528414533736364","24","0.00019528414533736364","0","0.00019528414533736364","0.00019528414533736364","24:68;26:68;37:68","24:0.02138044019425331;26:0.0028146945637931298;37:0.002289125958454291","24:0.02180526980193992;26:0.0022451873427192237;37:0.0015277192172512832","0.0291748046875","Yes"
"26","142.66429478729543","101.13760408781505","0.0189208984375","0.0185546875","0.019287109375","1560","0.00019640758072315232","24","0.00019640758072315232","0","0.00019640758072315232","0.00019640758072315232","25:68;27:68","25:0.0028146945637931298;27:0.031149657968051303","25:0.0022451873427192237;27:0.036005182980714895","0.0189208984375","Yes"
"27","100.63733635257118","114.8971186585541","0.0185546875","0.029296875","0.01123046875","1560","0.004471832567382202","24","0.004471832567382202","0","0.004471832567382202","0.004471832567382202","26:68;28:68;17:68","26:0.031149657968051303;17:0.032006850631577155","26:0.036005182980714895;28:0.0670770487729147;17:0.03390244167956663","0.0185546875","Yes"
"28","152.38101138510783","166.37514117444823","0.0089111328125","0.013427734375","0.00439453125","1560","0.00019788852097075198","24","0.00019788852097075198","0","0.00019788852097075198","0.00019788852097075198","27:68;29:68","29:0.004754393955956809","27:0.0670770487729147;29:0.002324444490724331","0.0089111328125","Yes"
"29","223.03928858649562","52.83638254606155","0.016357421875","0.025146484375","0.007568359375","1560","0.00022300814800401114","24","0.00022300814800401114","0","0.00022300814800401114","0.00022300814800401114","38:68;28:68;30:68","38:0.003974059799125074;28:0.004754393955956809;30:0.003834665790008046","38:0.001979196508935299;28:0.002324444490724331;30:0.0022985248541889103","0.016357421875","Yes"
"30","107.6970017151247","87.93019088866015","0.0089111328125","0.01318359375","0.004638671875","1560","0.0002642877799373642","24","0.0002642877799373642","0","0.0002642877799373642","0.0002642877799373642","31:68;29:68","31:0.002686671749335401;29:0.003834665790008046","31:0.002858739724145909;29:0.0022985248541889103","0.0089111328125","Yes"
"31","113.23410412793223","73.82103473493412","0.0701904296875","0.052490234375","0.087890625","1560","0.0006901198639297164","24","0.0006901198639297164","0","0.0006901198639297164","0.0006901198639297164","30:68;32:68;18:68","30:0.002686671749335401;32:0.03764691502385456;18:0.004041982875647748","30:0.002858739724145909;32:0.006785027327718907;18:0.0034756368881565802","0.0701904296875","Yes"
"32","77.71637495111842","125.07878131738374","0.0467529296875","0.039794921875","0.0537109375","1560","0.0003116516650245571","24","0.0003116516650245571","0","0.0003116516650245571","0.0003116516650245571","31:68;33:68","31:0.03764691502385456","31:0.006785027327718907","0.0467529296875","Yes"
"33","154.66711468814654","138.38204621548164","0.018798828125","0.027587890625","0.010009765625","1560","0.00024366316980025513","24","0.00024366316980025513","0","0.00024366316980025513","0.00024366316980025513","39:68;32:68;34:68","39:0.0017525667895158248;34:0.002678939282973275","39:0.001981237846671813;34:0.002169503876968071","0.018798828125","Yes"
"34","178.049625729244","57.840881438269314","0.01220703125","0.014404296875","0.010009765625","1560","0.0005794320197403807","24","0.0005794320197403807","0","0.0005794320197403807","0.0005794320197403807","33:68;35:68","33:0.002678939282973275;35:0.002217457073541401","33:0.002169503876968071;35:0.003504999270242476","0.01220703125","Yes"
"35","171.0973284942008","49.982858992377686","0.0162353515625","0.025390625","0.007080078125","1560","0.00046334548680756414","24","0.00046334548680756414","0","0.00046334548680756414","0.00046334548680756414","19:68;34:68","19:0.0018322061625394848;34:0.002217457073541401","19:0.0020421253686985774;34:0.003504999270242476","0.0162353515625","Yes"
"36","138.67378953393077","112.86018499728489","0.0096435546875","0.01025390625","0.009033203125","1560","0.0006219795351857707","24","0.0006219795351857707","0","0.0006219795351857707","0.0006219795351857707","41:68;21:68","41:0.0017640010761230396;21:0.008187527501747227","41:0.0022628411061763054;21:0.004941437923298153","0.0096435546875","Yes"
"37","140.60552136144338","77.61447673411357","0.00927734375","0.011962890625","0.006591796875","1560","0.0002836819164797596","24","0.0002836819164797596","0","0.0002836819164797596","0.0002836819164797596","45:68;25:68","45:0.0019038047295820981;25:0.002289125958454291","45:0.0020293997051387402;25:0.0015277192172512832","0.00927734375","Yes"
"38","85.81521042167387","122.04640898732325","0.0125732421875","0.016845703125","0.00830078125","1560","0.00025634538959604753","24","0.00025634538959604753","0","0.00025634538959604753","0.00025634538959604753","29:68;49:68","29:0.003974059799125074;49:0.03960015012161561","29:0.001979196508935299;49:0.003054696378002819","0.0125732421875","Yes"
"39","104.73937040614277","134.16045657128953","0.0185546875","0.021240234375","0.015869140625","1560","0.0005945994546789302","24","0.0005945994546789302","0","0.0005945994546789302","0.0005945994546789302","53:68;33:68","53:0.006468896860787943;33:0.0017525667895158248","53:0.007615714801906676;33:0.001981237846671813","0.0185546875","Yes"
"40","118.99063357612907","148.67231361658642","0.0240478515625","0.029052734375","0.01904296875","1560","0.0003497600485249823","24","0.0003497600485249823","0","0.0003497600485249823","0.0003497600485249823","41:68","41:0.0024968701637513024","41:0.0018793716425934692","0.0240478515625","Yes"
"41","80.04608982678218","63.22937698152701","0.111572265625","0.107421875","0.11572265625","1560","0.0001505029158319188","24","0.0001505029158319188","0","0.0001505029158319188","0.0001505029158319188","40:68;42:68;36:68","40:0.0024968701637513024;42:0.002044229285679794;36:0.0017640010761230396","40:0.0018793716425934692;42:0.0024050064380623515;36:0.0022628411061763054","0.111572265625","Yes"
"42","155.99089466994977","42.66148961232183","0.0242919921875","0.019775390625","0.02880859375","1560","0.0002223056834098118","24","0.0002223056834098118","0","0.0002223056834098118","0.0002223056834098118","41:68;43:68","41:0.002044229285679794;43:0.002898104450760358","41:0.0024050064380623515;43:0.006837490691137316","0.0242919921875","Yes"
"43","128.47388495151338","61.42194229880519","0.141357421875","0.127685546875","0.155029296875","1560","0.0008228679888182702","24","0.0008228679888182702","0","0.0008228679888182702","0.0008228679888182702","42:68;56:68;44:68","42:0.002898104450760358;56:0.0026442546759002372;44:0.002579003880322922","42:0.006837490691137316;56:0.00555183011067506;44:0.033192408545124785","0.141357421875","Yes"
"44","140.11205368423884","149.0052259771223","0.0087890625","0.00634765625","0.00048828125","1560","0.0005023035091312935","24","0.0005023035091312935","0","0.0005023035091312935","0.0005023035091312935","45:68;43:68","45:0.0018922626334385018;43:0.002579003880322922","45:0.0023698528208583314;43:0.033192408545124785","0.0087890625","Yes"
"45","156.69670107321141","154.926662225945","0.0428466796875","0.0546875","0.031005859375","1560","0.0001942854474920876","24","0.0001942854474920876","0","0.0001942854474920876","0.0001942854474920876","44:68;46:68;37:68","44:0.0018922626334385018;46:0.002625612804025901;37:0.0019038047295820981","44:0.0023698528208583314;46:0.0028840032979642605;37:0.0020293997051387402","0.0428466796875","Yes"
"46","92.2885413796002","12.281582692383008","0.0091552734375","0.013916015625","0.00439453125","1560","0.00037788028939016936","24","0.00037788028939016936","0","0.00037788028939016936","0.00037788028939016936","45:68;47:68","45:0.002625612804025901;47:0.002740604272647801","45:0.0028840032979642605;47:0.0033455147410547947","0.0091552734375","Yes"
"47","164.6240079939949","60.197874875541004","0.027099609375","0.037109375","0.01708984375","1560","0.0002511037930953188","24","0.0002511037930953188","0","0.0002511037930953188","0.0002511037930953188","48:68;57:68;46:68","48:0.0017779891764376776;57:0.00196527873049665;46:0.002740604272647801","48:0.007836286020103028;57:0.007290297082619052;46:0.0033455147410547947","0.027099609375","Yes"
"48","100.13920019041127","36.60626741125483","0.0108642578125","0.011474609375","0.01025390625","1560","0.00042153585269969184","24","0.00042153585269969184","0","0.00042153585269969184","0.00042153585269969184","47:68;49:68","47:0.0017779891764376776;49:0.002696883106187653","47:0.007836286020103028;49:0.014006739562447829","0.0108642578125","Yes"
"49","82.1805354972128","27.950172820831543","0.0440673828125","0.052734375","0.035400390625","1560","0.0003541360001240019","24","0.0003541360001240019","0","0.0003541360001240019","0.0003541360001240019","48:68;50:68;38:68","48:0.002696883106187653;50:0.0031896104980829454;38:0.03960015012161561","48:0.014006739562447829;50:0.03490349594074538;38:0.003054696378002819","0.0440673828125","Yes"
"50","165.48912316017356","155.86701164493493","0.00732421875","0.008544921875","0.006103515625","1560","0.00025738473983904467","24","0.00025738473983904467","0","0.00025738473983904467","0.00025738473983904467","49:68;51:68","49:0.0031896104980829454;51:0.0022773574262246465","49:0.03490349594074538;51:0.002770312943503106","0.00732421875","Yes"
"51","49.929856263425776","43.38982787093942","0.130859375","0.098388671875","0.163330078125","1560","0.00025221453836135144","24","0.00025221453836135144","0","0.00025221453836135144","0.00025221453836135144","50:68;52:68;58:68","50:0.0022773574262246465;52:0.0016139792141024456;58:0.0025186491228239016","50:0.002770312943503106;52:0.003796290405188668;58:0.00204649696374104","0.130859375","Yes"
"52","133.62027207169635","99.95048037359669","0.01416015625","0.018310546875","0.010009765625","1560","0.00030374155087503434","24","0.00030374155087503434","0","0.00030374155087503434","0.00030374155087503434","51:68;53:68","51:0.0016139792141024456;53:0.0021945780432341133","51:0.003796290405188668;53:0.006341559289157195","0.01416015625","Yes"
"53","201.75066455164355","13.789824286233175","0.0980224609375","0.10400390625","0.092041015625","1560","0.0001514665073001183","24","0.0001514665073001183","0","0.0001514665073001183","0.0001514665073001183","39:68;52:68;54:68","39:0.006468896860787943;52:0.0021945780432341133;54:0.004469870965511297","39:0.007615714801906676;52:0.006341559289157195;54:0.012027992489040323","0.0980224609375","Yes"
"54","120.1806529495644","150.5531443678867","0.0078125","0.0146484375","0.0009765625","1560","0.000556536419986221","24","0.000556536419986221","0","0.000556536419986221","0.000556536419986221","53:68;55:68","53:0.004469870965511297;55:0.0021422077974440623","53:0.012027992489040323;55:0.0026047119456981682","0.0078125","Yes"
"55","178.8031611070357","169.46426198399647","0.0841064453125","0.109619140625","0.05859375","1560","0.000726616426238983","24","0.000726616426238983","0","0.000726616426238983","0.000726616426238983","59:68;54:68","59:0.002244617463207227;54:0.0021422077974440623","59:0.012013486611332141;54:0.0026047119456981682","0.0841064453125","Yes"
"56","109.66159518394446","119.90238645579326","0.0125732421875","0.01220703125","0.012939453125","1560","0.00019703147894582621","24","0.00019703147894582621","0","0.00019703147894582621","0.00019703147894582621","63:68;43:68","63:0.005179496270902112;43:0.0026442546759002372","63:0.006092133502715091;43:0.00555183011067506","0.0125732421875","Yes"
"57","124.38946052489332","64.62205771519672","0.009521484375","0.017578125","0.00146484375","1560","0.0006164150684814886","24","0.0006164150684814886","0","0.0006164150684814886","0.0006164150684814886","47:68;67:68","47:0.00196527873049665;67:0.005617239752712444","47:0.007290297082619052;67:0.006784549685646429","0.009521484375","Yes"
"58","94.25264985072404","70.13815790999888","0.010498046875","0.017822265625","0.003173828125","1560","0.000470608222394211","24","0.000470608222394211","0","0.000470608222394211","0.000470608222394211","71:68;51:68","71:0.0022537695314703843;51:0.0025186491228239016","71:0.001721110767272771;51:0.00204649696374104","0.010498046875","Yes"
"59","144.93803251780966","143.57050692305359","0.013916015625","0.016845703125","0.010986328125","1560","0.0003088691491462825","24","0.0003088691491462825","0","0.0003088691491462825","0.0003088691491462825","55:68;75:68","55:0.002244617463207227;75:0.0027106932506349157","55:0.012013486611332141;75:0.0031895887794994304","0.013916015625","Yes"
"60","184.04510835370237","43.36704470430992","0.0484619140625","0.0546875","0.042236328125","1560","0.00023575312720278314","24","0.00023575312720278314","0","0.00023575312720278314","0.00023575312720278314","61:68","61:0.0020369575067859247","61:0.002268504489527756","0.0484619140625","Yes"
"61","218.1219852131025","99.75477205305656","0.05908203125","0.08154296875","0.044921875","1560","0.00021282532225891783","24","0.00021282532225891783","0","0.00021282532225891783","0.00021282532225891783","76:68;60:68;62:68","76:0.0025179650800049302;60:0.0020369575067859247;62:0.0022477822981182005","76:0.0020183191872130413;60:0.002268504489527756;62:0.0064265072673815316","0.05908203125","Yes"
"62","136.72306691706214","39.77363804278481","0.0294189453125","0.029052734375","0.02978515625","1560","0.0002598565198704615","24","0.0002598565198704615","0","0.0002598565198704615","0.0002598565198704615","61:68;63:68","61:0.0022477822981182005;63:0.005954960581926821","61:0.0064265072673815316;63:0.006816838877532344","0.0294189453125","Yes"
"63","87.16171095675683","13.256056389091608","0.0484619140625","0.06103515625","0.035888671875","1560","0.0005443630040275346","24","0.0005443630040275346","0","0.0005443630040275346","0.0005443630040275346","56:68;62:68;64:68","56:0.005179496270902112;62:0.005954960581926821;64:0.06730489439292511","56:0.006092133502715091;62:0.006816838877532344;64:0.08301023669111263","0.0484619140625","Yes"
"64","147.67323793644013","118.25986051191751","0.0045166015625","0.008056640625","0.0009765625","1560","0.0005101726275403664","24","0.0005101726275403664","0","0.0005101726275403664","0.0005101726275403664","65:68;63:68","65:0.0025416594980154084;63:0.06730489439292511","65:0.0024517330817238614;63:0.08301023669111263","0.0045166015625","Yes"
"65","111.93790708558255","80.71144529937935","0.086669921875","0.115234375","0.05810546875","1560","0.00038959904154120946","24","0.00038959904154120946","0","0.00038959904154120946","0.00038959904154120946","64:68;66:68;77:68","64:0.0025416594980154084;66:0.002140320400585094;77:0.004454954945338374","64:0.0024517330817238614;66:0.004025249326367442;77:0.0031725234832622184","0.086669921875","Yes"
"66","67.34952752456785","15.586013749494578","0.008056640625","0.01171875","0.00439453125","1560","0.000258202824468973","24","0.000258202824468973","0","0.000258202824468973","0.000258202824468973","65:68;67:68","65:0.002140320400585094;67:0.002602976814419594","65:0.004025249326367442;67:0.002685177123827709","0.008056640625","Yes"
"67","135.76399478924813","64.63360315884894","0.048828125","0.064697265625","0.032958984375","1560","0.00022564585929115284","24","0.00022564585929115284","0","0.00022564585929115284","0.00022564585929115284","68:68;57:68;66:68","68:0.0023410705566899725;57:0.005617239752712444;66:0.002602976814419594","68:0.002268725426693069;57:0.006784549685646429;66:0.002685177123827709","0.048828125","Yes"
"68","38.50958711599553","29.969665611941263","0.01171875","0.017578125","0.005859375","1560","0.0002492732813750128","24","0.0002492732813750128","0","0.0002492732813750128","0.0002492732813750128","67:68;69:68","67:0.0023410705566899725;69:0.002321428372564105","67:0.002268725426693069;69:0.003718630972133652","0.01171875","Yes"
"69","177.18821327237467","83.04246926351833","0.0360107421875","0.049560546875","0.0224609375","1560","0.0004357268001034683","24","0.0004357268001034683","0","0.0004357268001034683","0.0004357268001034683","78:68;68:68;70:68","78:0.002590120231829307;68:0.002321428372564105;70:0.00408799039249258","78:0.002035022839513706;68:0.003718630972133652;70:0.004487382524973049","0.0360107421875","Yes"
"70","74.10707845588593","74.7344741152359","0.0087890625","0.01318359375","0.00439453125","1560","0.0004589022386932495","24","0.0004589022386932495","0","0.0004589022386932495","0.0004589022386932495","69:68;71:68","69:0.00408799039249258;71:0.0034157490953093395","69:0.004487382524973049;71:0.002584698693625348","0.0087890625","Yes"
"71","150.05322653311615","116.58708321753662","0.0159912109375","0.01708984375","0.014892578125","1560","0.0005928987042627197","24","0.0005928987042627197","0","0.0005928987042627197","0.0005928987042627197","72:68;58:68;70:68","58:0.0022537695314703843;70:0.0034157490953093395","72:0.16756739104461574;58:0.001721110767272771;70:0.002584698693625348","0.0159912109375","Yes"
"72","10.459335419923361","99.15649886504495","0.5062255859375","0.224609375","0.787841796875","1560","","24","","0","","","73:68;71:68","","73:0.24994223080572228;71:0.16756739104461574","0.5062255859375","Yes"
"73","112.09181357607424","69.15046130967367","0.0367431640625","0.043701171875","0.02978515625","1560","0.00020281620517966653","24","0.00020281620517966653","0","0.00020281620517966653","0.00020281620517966653","72:68;74:68;79:68","74:0.002332270719998225;79:0.0024072445177153734","72:0.24994223080572228;74:0.002174097097826816;79:0.009922374703961179","0.0367431640625","Yes"
"74","106.0175802796958","98.76402039621358","0.0086669921875","0.0107421875","0.006591796875","1560","0.0002974240331224196","24","0.0002974240331224196","0","0.0002974240331224196","0.0002974240331224196","73:68;75:68","73:0.002332270719998225;75:0.0027037812315848786","73:0.002174097097826816;75:0.002673356147838729","0.0086669921875","Yes"
"75","167.6490392353018","162.2757365005969","0.011474609375","0.01611328125","0.0068359375","1560","0.00027335925239655644","24","0.00027335925239655644","0","0.00027335925239655644","0.00027335925239655644","59:68;74:68","59:0.0027106932506349157;74:0.0027037812315848786","59:0.0031895887794994304;74:0.002673356147838729","0.011474609375","Yes"
"76","162.1037188875346","94.84424962233777","0.05322265625","0.07568359375","0.03076171875","1560","0.00034836271608189437","24","0.00034836271608189437","0","0.00034836271608189437","0.00034836271608189437","81:68;61:68","81:0.0016651906566269026;61:0.0025179650800049302","81:0.0020720483460064665;61:0.0020183191872130413","0.05322265625","Yes"
"77","166.22216794681182","51.89795495940587","0.0142822265625","0.020263671875","0.00830078125","1560","0.00032367109719069883","24","0.00032367109719069883","0","0.00032367109719069883","0.00032367109719069883","85:68;65:68","85:0.0030871228820034124;65:0.004454954945338374","85:0.002361604090156344;65:0.0031725234832622184","0.0142822265625","Yes"
"78","61.13031198171454","63.932733918317446","0.0291748046875","0.02880859375","0.028076171875","1560","0.00031752726614866724","24","0.00031752726614866724","0","0.00031752726614866724","0.00031752726614866724","69:68;89:68","69:0.002590120231829307;89:0.0027091261156916013","69:0.002035022839513706;89:0.0030361034358281913","0.0291748046875","Yes"
"79","160.63824613632505","55.4330789700611","0.009033203125","0.01123046875","0.0068359375","1560","0.0002800902064904683","24","0.0002800902064904683","0","0.0002800902064904683","0.0002800902064904683","93:68;73:68","93:0.0028481138757845414;73:0.0024072445177153734","93:0.0022381728549551727;73:0.009922374703961179","0.009033203125","Yes"
"80","151.9257126529466","100.98479925566282","0.015625","0.021240234375","0.010009765625","1560","0.0001910734362756962","24","0.0001910734362756962","0","0.0001910734362756962","0.0001910734362756962","81:68","81:0.0019841699554524195","81:0.0034789083700337287","0.015625","Yes"
"81","170.71960622340822","21.87863932884338","0.0369873046875","0.05615234375","0.017822265625","1560","0.0001966774774715534","24","0.0001966774774715534","0","0.0001966774774715534","0.0001966774774715534","80:68;82:68;76:68","80:0.0019841699554524195;82:0.011935785718432734;76:0.0016651906566269026","80:0.0034789083700337287;82:0.002402554253325917;76:0.0020720483460064665","0.0369873046875","Yes"
"82","127.12154131773204","29.32990961658494","0.0113525390625","0.019775390625","0.0029296875","1560","0.00022955068627031686","24","0.00022955068627031686","0","0.00022955068627031686","0.00022955068627031686","81:68;83:68","81:0.011935785718432734;83:0.002716177623296262","81:0.002402554253325917;83:0.00217922156035788","0.0113525390625","Yes"
"83","114.76813352111222","143.30546420885526","0.2376708984375","0.267578125","0.207763671875","1560","0.0002281761604783628","24","0.0002281761604783628","0","0.0002281761604783628","0.0002281761604783628","96:68;82:68;84:68","96:0.0016753132101984258;82:0.002716177623296262;84:0.0034579173651164696","96:0.001785107496829974;82:0.00217922156035788;84:0.002330206655097894","0.2376708984375","Yes"
"84","170.29098465309494","136.51536161681346","0.0048828125","0.007568359375","0.002197265625","1560","0.0001791054450138855","24","0.0001791054450138855","0","0.0001791054450138855","0.0001791054450138855","83:68;85:68","83:0.0034579173651164696;85:0.0020801219389110226","83:0.002330206655097894;85:0.0018059242820897825","0.0048828125","Yes"
"85","242.8040580732046","35.21875798364505","0.017822265625","0.021728515625","0.013916015625","1560","0.00027273229817186397","24","0.00027273229817186397","0","0.00027273229817186397","0.00027273229817186397","77:68;86:68;84:68","77:0.0030871228820034124;86:0.002339146587072183;84:0.0020801219389110226","77:0.002361604090156344;86:0.002075599382092397;84:0.0018059242820897825","0.017822265625","Yes"
"86","125.74542726255113","96.06895701296348","0.0123291015625","0.01025390625","0.014404296875","1560","0.0002119403503949418","24","0.0002119403503949418","0","0.0002119403503949418","0.0002119403503949418","85:68;87:68","85:0.002339146587072183;87:0.002439967863034742","85:0.002075599382092397;87:0.0019129233330622275","0.0123291015625","Yes"
"87","240.55738798805172","205.56822332874577","0.0765380859375","0.09423828125","0.058837890625","1560","0.00026012944010622664","24","0.00026012944010622664","0","0.00026012944010622664","0.00026012944010622664","86:68;88:68;97:68","86:0.002439967863034742;88:0.0023682985541358392;97:0.0030126202730203777","86:0.0019129233330622275;88:0.0032836106440851387;97:0.003197650141026659","0.0765380859375","Yes"
"88","158.76912125351515","239.05410027592384","0.019287109375","0.03173828125","0.0068359375","1560","0.0002610266758692605","24","0.0002610266758692605","0","0.0002610266758692605","0.0002610266758692605","87:68;89:68","87:0.0023682985541358392;89:0.0018494389900306496","87:0.0032836106440851387;89:0.0020819141154793386","0.019287109375","Yes"
"89","54.33986017335192","55.27655101730517","0.02197265625","0.025390625","0.0185546875","1560","0.00022951707287588785","24","0.00022951707287588785","0","0.00022951707287588785","0.00022951707287588785","90:68;88:68;78:68","90:0.0025667704170147243;88:0.0018494389900306496;78:0.0027091261156916013","90:0.00268212932472911;88:0.0020819141154793386;78:0.0030361034358281913","0.02197265625","Yes"
"90","178.12352882872077","174.26764720001162","0.0079345703125","0.010498046875","0.00537109375","1560","0.0002679241802401429","24","0.0002679241802401429","0","0.0002679241802401429","0.0002679241802401429","89:68;91:68","89:0.0025667704170147243;91:0.002257343974065379","89:0.00268212932472911;91:0.0022144612763119464","0.0079345703125","Yes"
"91","113.90492121896236","21.607409388979693","0.0533447265625","0.05908203125","0.047607421875","1560","0.00037117837222296117","24","0.00037117837222296117","0","0.00037117837222296117","0.00037117837222296117","98:68;90:68;92:68","98:0.0018415234200143682;90:0.002257343974065379;92:0.0020265501254136398","98:0.0013957312262029842;90:0.0022144612763119464;92:0.0017646159912780013","0.0533447265625","Yes"
"92","154.06259309062324","170.08057280953162","0.0068359375","0.01220703125","0.00146484375","1560","0.0003728391758071476","24","0.0003728391758071476","0","0.0003728391758071476","0.0003728391758071476","91:68;93:68","91:0.0020265501254136398;93:0.0017238755161000652","91:0.0017646159912780013;93:0.002021047606269727","0.0068359375","Yes"
"93","251.21030729664395","232.04176675940494","0.028564453125","0.042236328125","0.014892578125","1560","0.00041668537757352125","24","0.00041668537757352125","0","0.00041668537757352125","0.00041668537757352125","94:68;79:68;92:68","94:0.0026877856490111485;79:0.0028481138757845414;92:0.0017238755161000652","94:0.002194764928326598;79:0.0022381728549551727;92:0.002021047606269727","0.028564453125","Yes"
"94","206.16939809557581","67.48248629375331","0.0068359375","0.012451171875","0.001220703125","1560","0.0002556700875964257","24","0.0002556700875964257","0","0.0002556700875964257","0.0002556700875964257","93:68;95:68","93:0.0026877856490111485;95:0.0023539663940825017","93:0.002194764928326598;95:0.0019753388538453487","0.0068359375","Yes"
"95","162.11069968492305","148.078982477058","0.010498046875","0.015625","0.003662109375","1560","0.0001962022201301887","24","0.0001962022201301887","0","0.0001962022201301887","0.0001962022201301887","99:68;94:68","99:0.00229076831973285;94:0.0023539663940825017","94:0.0019753388538453487","0.010498046875","Yes"
"96","95.99234603264532","101.23748747582934","0.0101318359375","0.016357421875","0.00390625","1560","0.000255679219187398","24","0.000255679219187398","0","0.000255679219187398","0.000255679219187398","83:68;103:68","83:0.0016753132101984258;103:0.0021189111876546984","83:0.001785107496829974;103:0.002032221518664168","0.0101318359375","Yes"
"97","99.15678498355445","125.82850674900482","0.0079345703125","0.009765625","0.006103515625","1560","0.0002959936751757255","24","0.0002959936751757255","0","0.0002959936751757255","0.0002959936751757255","87:68;107:68","87:0.0030126202730203777;107:0.0016507059326698048","87:0.003197650141026659;107:0.0022810763921109756","0.0079345703125","Yes"
"98","187.82149395497177","17.193468048114408","0.0133056640625","0.014404296875","0.01220703125","1560","0.0002498302139281335","24","0.0002498302139281335","0","0.0002498302139281335","0.0002498302139281335","91:68;111:68","91:0.0018415234200143682;111:0.002943578205244546","91:0.0013957312262029842;111:0.002902294559910673","0.0133056640625","Yes"
"99","150.3371927508033","38.46406238583669","0.028564453125","0.029052734375","0.028076171875","1560","0.00014702819977691805","24","0.00014702819977691805","0","0.00014702819977691805","0.00014702819977691805","115:68;95:68","115:0.0021296750369498296;95:0.00229076831973285","","0.028564453125","Yes"
"100","170.4356159038489","31.539587131934763","0.0247802734375","0.03173828125","0.017822265625","1560","0.0007786526191523939","24","0.0007786526191523939","0","0.0007786526191523939","0.0007786526191523939","101:68","101:0.004529597397885304","101:0.003947610821114833","0.0247802734375","Yes"
"101","185.85663006702924","173.65593683673802","0.06982421875","0.0859375","0.0537109375","1560","0.00021779511342071933","24","0.00021779511342071933","0","0.00021779511342071933","0.00021779511342071933","100:68;116:68;102:68","100:0.004529597397885304;116:0.002310879446841746;102:0.0029791484609564267","100:0.003947610821114833;116:0.001755101952976984;102:0.0032826019207315427","0.06982421875","Yes"
"102","118.53920812073001","76.67585055401032","0.0230712890625","0.041748046875","0.00439453125","1560","0.0004229564791446244","24","0.0004229564791446244","0","0.0004229564791446244","0.0004229564791446244","101:68;103:88","101:0.0029791484609564267;103:0.0027836319225500172","101:0.0032826019207315427;103:0.0023791799569732874","0.0230712890625","Yes"
"103","107.18944148432513","133.09239126327407","0.0213623046875","0.033935546875","0.0087890625","1560","0.00015135215661829285","24","0.00015135215661829285","0","0.00015135215661829285","0.00015135215661829285","104:68;96:68;102:88","104:0.001767632173994671;96:0.0021189111876546984;102:0.0027836319225500172","104:0.001788714997110391;96:0.002032221518664168;102:0.0023791799569732874","0.0213623046875","Yes"
"104","61.21478380404058","54.294573041565165","0.0159912109375","0.0205078125","0.011474609375","1560","0.00017571415281973315","24","0.00017571415281973315","0","0.00017571415281973315","0.00017571415281973315","103:68;105:68","103:0.001767632173994671;105:0.0024421575169207843","103:0.001788714997110391;105:0.001905904902030131","0.0159912109375","Yes"
"105","207.33547217352137","178.901246188926","0.0283203125","0.025634765625","0.031005859375","1560","0.00022172228987562287","24","0.00022172228987562287","0","0.00022172228987562287","0.00022172228987562287","104:68;106:68;117:68","104:0.0024421575169207843;106:0.002694041014263515;117:0.002778842292245648","104:0.001905904902030131;106:0.0028780578172669935;117:0.002368772936221286","0.0283203125","Yes"
"106","171.11301946151121","180.56495751407607","0.010498046875","0.01513671875","0.005859375","1560","0.0001663193215613342","24","0.0001663193215613342","0","0.0001663193215613342","0.0001663193215613342","107:68;105:68","107:0.0015989488992042555;105:0.002694041014263515","107:0.00257072087659152;105:0.0028780578172669935","0.010498046875","Yes"
"107","86.53412079732963","21.36198144753002","0.017333984375","0.0263671875","0.00830078125","1560","0.00036210780483141296","24","0.00036210780483141296","0","0.00036210780483141296","0.00036210780483141296","106:68;108:68;97:68","106:0.0015989488992042555;108:0.0024268815291774437;97:0.0016507059326698048","106:0.00257072087659152;108:0.0016737498880302903;97:0.0022810763921109756","0.017333984375","Yes"
"108","144.28800722737833","149.8934656345569","0.013427734375","0.01904296875","0.0078125","1560","0.00035118616769824214","24","0.00035118616769824214","0","0.00035118616769824214","0.00035118616769824214","107:68;109:68","107:0.0024268815291774437;109:0.0027269792131578152","107:0.0016737498880302903;109:0.0019611684896936876","0.013427734375","Yes"
"109","74.7123655528385","62.32172690987805","0.0146484375","0.015380859375","0.013916015625","1560","0.00032945051958940244","24","0.00032945051958940244","0","0.00032945051958940244","0.00032945051958940244","108:68;110:68;118:68","108:0.0027269792131578152;110:0.002310755043369389;118:0.0028829820071958057","108:0.0019611684896936876;110:0.001723290743291639;118:0.0038102529214132097","0.0146484375","Yes"
"110","128.7604355892485","110.35825962027009","0.00537109375","0.00830078125","0.00244140625","1560","0.00020458226837752013","24","0.00020458226837752013","0","0.00020458226837752013","0.00020458226837752013","109:68;111:68","109:0.002310755043369389;111:0.0018730021322564683","109:0.001723290743291639;111:0.0021254934642922774","0.00537109375","Yes"
"111","190.9027147842161","122.61969417173246","0.0269775390625","0.038330078125","0.015625","1560","0.00014296508243773331","24","0.00014296508243773331","0","0.00014296508243773331","0.00014296508243773331","112:68;110:68;98:68","112:0.0025387103368453012;110:0.0018730021322564683;98:0.002943578205244546","112:0.00262919729427602;110:0.0021254934642922774;98:0.002902294559910673","0.0269775390625","Yes"
"112","138.9425728202562","136.25533102135623","0.0086669921875","0.0126953125","0.007568359375","1560","0.00031417896608527637","24","0.00031417896608527637","0","0.00031417896608527637","0.00031417896608527637","111:68;113:68","111:0.0025387103368453012;113:0.002987979163121268","111:0.00262919729427602;113:0.0030979030631356763","0.0086669921875","Yes"
"113","85.4540623708001","22.32935776368266","0.0836181640625","0.095703125","0.071533203125","1560","0.00019156788594874887","24","0.00019156788594874887","0","0.00019156788594874887","0.00019156788594874887","119:68;112:68;114:68","119:0.00302099167642636;112:0.002987979163121268;114:0.0029077814766237386","119:0.005433362250063967;112:0.0030979030631356763;114:0.0027204470325706276","0.0836181640625","Yes"
"114","126.66419065568505","102.45153691105136","0.0086669921875","0.0107421875","0.006591796875","1560","0.00038716451163862714","24","0.00038716451163862714","0","0.00038716451163862714","0.00038716451163862714","115:68;113:68","115:0.0022154094139736624;113:0.0029077814766237386","115:0.002825495507422199;113:0.0027204470325706276","0.0086669921875","Yes"
"115","120.0097799439591","111.06796017761029","0.0067138671875","0.009033203125","0.00439453125","1560","0.00025484291226897745","24","0.00025484291226897745","0","0.00025484291226897745","0.00025484291226897745","99:68;114:68","99:0.0021296750369498296;114:0.0022154094139736624","114:0.002825495507422199","0.0067138671875","Yes"
"116","136.1042063729834","134.9640166541033","0.0511474609375","0.0595703125","0.042724609375","1560","0.00016533172142383723","24","0.00016533172142383723","0","0.00016533172142383723","0.00016533172142383723","101:68;121:68","101:0.002310879446841746;121:0.006963946605202026","101:0.001755101952976984;121:0.004491350921027565","0.0511474609375","Yes"
"117","103.03969357331785","140.3664396804175","0.025634765625","0.028076171875","0.023193359375","1560","0.0002982503217394131","24","0.0002982503217394131","0","0.0002982503217394131","0.0002982503217394131","105:68;125:68","105:0.002778842292245648;125:0.003632295443700584","105:0.002368772936221286;125:0.001413800380178215","0.025634765625","Yes"
"118","194.92168283313538","67.039035138566","0.0108642578125","0.01171875","0.010009765625","1560","0.000304432725580614","24","0.000304432725580614","0","0.000304432725580614","0.000304432725580614","109:68;129:68","109:0.0028829820071958057;129:0.0022153054828943364","109:0.0038102529214132097;129:0.0023001640068501805","0.0108642578125","Yes"
"119","42.76827710967331","64.20737471152015","0.0147705078125","0.0244140625","0.005126953125","1560","0.0006356523368673116","24","0.0006356523368673116","0","0.0006356523368673116","0.0006356523368673116","113:68;133:68","113:0.00302099167642636;133:0.003112987234067832","113:0.005433362250063967;133:0.002610633812228147","0.0147705078125","Yes"
"120","83.74622454618104","102.28933611213785","0.0101318359375","0.010498046875","0.009765625","1560","0.00016942412415530176","24","0.00016942412415530176","0","0.00016942412415530176","0.00016942412415530176","121:68","121:0.002041406021304426","121:0.0016657253470225286","0.0101318359375","Yes"
"121","120.41905310142845","104.64957729126478","0.01318359375","0.013671875","0.0126953125","1560","0.0001692283901719848","24","0.0001692283901719848","0","0.0001692283901719848","0.0001692283901719848","120:68;122:68;116:68","120:0.002041406021304426;122:0.002891986017911574;116:0.006963946605202026","120:0.0016657253470225286;122:0.0029147589521272;116:0.004491350921027565","0.01318359375","Yes"
"122","106.90506816537875","63.845830961214794","0.0084228515625","0.011474609375","0.00537109375","1560","0.0004110622010557345","24","0.0004110622010557345","0","0.0004110622010557345","0.0004110622010557345","121:68;123:68","121:0.002891986017911574;123:0.0025538534926199674","121:0.0029147589521272;123:0.002498884028814763","0.0084228515625","Yes"
"123","134.06671749909404","138.82837069007553","0.009033203125","0.00830078125","0.009765625","1560","0.00018251242113518078","24","0.00018251242113518078","0","0.00018251242113518078","0.00018251242113518078","136:68;124:68;122:68","136:0.002461266989864236;124:0.0037105122463217677;122:0.0025538534926199674","136:0.002116544750505378;124:0.0019332582774094498;122:0.002498884028814763","0.009033203125","Yes"
"124","111.67617006337075","122.01495776231414","0.00634765625","0.009521484375","0.003173828125","1560","0.0004774754979470993","24","0.0004774754979470993","0","0.0004774754979470993","0.0004774754979470993","123:68;125:68","123:0.0037105122463217677;125:0.004505963087274301","123:0.0019332582774094498;125:0.0016215138111084215","0.00634765625","Yes"
"125","144.5695147408844","57.79813967912657","0.031982421875","0.041015625","0.02294921875","1560","0.00016579801795936602","24","0.00016579801795936602","0","0.00016579801795936602","0.00016579801795936602","117:68;124:68;126:68","117:0.003632295443700584;124:0.004505963087274301;126:0.0045286415898257715","117:0.001413800380178215;124:0.0016215138111084215;126:0.0022826528894642206","0.031982421875","Yes"
"126","127.0499122023292","72.10064975443595","0.0078125","0.009765625","0.005859375","1560","0.0002583202935781984","24","0.0002583202935781984","0","0.0002583202935781984","0.0002583202935781984","127:68;125:68","127:0.002131004077462889;125:0.0045286415898257715","127:0.0024425545804317716;125:0.0022826528894642206","0.0078125","Yes"
"127","161.76361638504238","179.10636511799143","0.0360107421875","0.04931640625","0.022705078125","1560","0.00019727395824855595","24","0.00019727395824855595","0","0.00019727395824855595","0.00019727395824855595","126:68;128:68;137:68","126:0.002131004077462889;128:0.0017725342041530479;137:0.0020542493595202826","126:0.0024425545804317716;128:0.002373418244713321;137:0.0019587115538964583","0.0360107421875","Yes"
"128","103.37033158046552","44.4609944627609","0.0421142578125","0.051025390625","0.033203125","1560","0.00021814583392336338","24","0.00021814583392336338","0","0.00021814583392336338","0.00021814583392336338","127:68;129:68","127:0.0017725342041530479;129:0.0023556683238079856","127:0.002373418244713321;129:0.0026395092731008596","0.0421142578125","Yes"
"129","147.09407733423043","103.85004776932637","0.018310546875","0.0224609375","0.01416015625","1560","0.00016285046718041168","24","0.00016285046718041168","0","0.00016285046718041168","0.00016285046718041168","130:68;128:68;118:68","130:0.00326187426936575;128:0.0023556683238079856;118:0.0022153054828943364","130:0.0027292806473804276;128:0.0026395092731008596;118:0.0023001640068501805","0.018310546875","Yes"
"130","138.01147113647943","129.89232900043652","0.0030517578125","0.0048828125","0.001220703125","1560","0.0004232001669925228","24","0.0004232001669925228","0","0.0004232001669925228","0.0004232001669925228","129:68;131:68","129:0.00326187426936575;131:0.0020763922459578754","129:0.0027292806473804276;131:0.001857821334551396","0.0030517578125","Yes"
"131","157.1550292750736","172.66366886782083","0.0982666015625","0.104736328125","0.091796875","1560","0.00016858275066457035","24","0.00016858275066457035","0","0.00016858275066457035","0.00016858275066457035","138:68;130:68;132:68","138:0.0019807078435058745;130:0.0020763922459578754;132:0.0020883536380871537","138:0.015527242418385101;130:0.001857821334551396;132:0.0022249974332871625","0.0982666015625","Yes"
"132","122.53874823437243","182.89183563255912","0.0093994140625","0.01171875","0.007080078125","1560","0.00016655305340682093","24","0.00016655305340682093","0","0.00016655305340682093","0.00016655305340682093","133:68;131:68","133:0.002625987548749653;131:0.0020883536380871537","133:0.0021782652167946226;131:0.0022249974332871625","0.0093994140625","Yes"
"133","157.83292987269434","48.79911862903033","0.017822265625","0.029052734375","0.006591796875","1560","0.0002851473648728097","24","0.0002851473648728097","0","0.0002851473648728097","0.0002851473648728097","132:68;134:68;119:68","132:0.002625987548749653;134:0.002576119293110829;119:0.003112987234067832","132:0.0021782652167946226;134:0.0022104761082162583;119:0.002610633812228147","0.017822265625","Yes"
"134","196.93045748190957","53.79987608791453","0.0040283203125","0.005126953125","0.0029296875","1560","0.00036291581593633407","24","0.00036291581593633407","0","0.00036291581593633407","0.00036291581593633407","133:68;135:68","133:0.002576119293110829;135:0.00220662406635852","133:0.0022104761082162583;135:0.0016835817396972652","0.0040283203125","Yes"
"135","147.3342200218112","138.85890020418154","0.070068359375","0.099853515625","0.040283203125","1560","0.00014379388540079025","24","0.00014379388540079025","0","0.00014379388540079025","0.00014379388540079025","134:68;139:68","134:0.00220662406635852;139:0.0036763215358117107","134:0.0016835817396972652;139:0.003841109176246943","0.070068359375","Yes"
"136","129.527184047657","115.60354191618221","0.0067138671875","0.012451171875","0.0009765625","1560","0.00024394663537390498","24","0.00024394663537390498","0","0.00024394663537390498","0.00024394663537390498","123:68;143:68","123:0.002461266989864236;143:0.0024359167589244057","123:0.002116544750505378;143:0.009331271412258063","0.0067138671875","Yes"
"137","189.7230811878794","210.03961195181662","0.006591796875","0.01220703125","0.0009765625","1560","0.0003094579334839222","24","0.0003094579334839222","0","0.0003094579334839222","0.0003094579334839222","147:68;127:68","147:0.00220203349625564;127:0.0020542493595202826","147:0.0020959505926929634;127:0.0019587115538964583","0.006591796875","Yes"
"138","93.93681609263278","117.73822854511047","0.009033203125","0.013671875","0.00439453125","1560","0.00031740601995267797","24","0.00031740601995267797","0","0.00031740601995267797","0.00031740601995267797","151:68;131:68","151:0.0025582723739437374;131:0.0019807078435058745","151:0.0020158669405044294;131:0.015527242418385101","0.009033203125","Yes"
"139","87.7054712383293","34.69746111292334","0.0111083984375","0.0205078125","0.001708984375","1560","0.00047650311272010883","24","0.00047650311272010883","0","0.00047650311272010883","0.00047650311272010883","155:68;135:68","155:0.002689855203332564;135:0.0036763215358117107","155:0.004869351463673038;135:0.003841109176246943","0.0111083984375","Yes"
"140","103.60773391189176","175.20459044053317","0.051025390625","0.040771484375","0.061279296875","1560","0.0002797955277589277","24","0.0002797955277589277","0","0.0002797955277589277","0.0002797955277589277","141:68","141:0.0015294426093145908","141:0.001172659637253437","0.051025390625","Yes"
"141","77.23955023056594","75.08495007423969","0.010986328125","0.014892578125","0.007080078125","1560","0.0001637326750737373","24","0.0001637326750737373","0","0.0001637326750737373","0.0001637326750737373","140:68;142:68","140:0.0015294426093145908;142:0.002214706963315688","140:0.001172659637253437;142:0.0020470747426106217","0.010986328125","Yes"
"142","129.54598779618402","104.7061962911107","0.00830078125","0.01318359375","0.00341796875","1560","0.0002555232316001016","24","0.0002555232316001016","0","0.0002555232316001016","0.0002555232316001016","143:68;141:68","143:0.00233634857605472;141:0.002214706963315688","143:0.001753619709382953;141:0.0020470747426106217","0.00830078125","Yes"
"143","185.11879239370452","160.29833493083868","0.010498046875","0.013671875","0.00732421875","1560","0.00017309403227027718","24","0.00017309403227027718","0","0.00017309403227027718","0.00017309403227027718","142:68;144:68;136:68","142:0.00233634857605472;144:0.002223074368861544;136:0.0024359167589244057","142:0.001753619709382953;144:0.0023892466304912263;136:0.009331271412258063","0.010498046875","Yes"
"144","176.53047446695922","153.10158382137277","0.0074462890625","0.012939453125","0.001953125","1560","0.00029715501262766265","24","0.00029715501262766265","0","0.00029715501262766265","0.00029715501262766265","145:68;143:68","145:0.0018869814511640048;143:0.002223074368861544","145:0.0022333709959687364;143:0.0023892466304912263","0.0074462890625","Yes"
"145","198.5963035757856","168.41959167137165","0.04443359375","0.06884765625","0.02001953125","1560","0.00014023829203790395","24","0.00014023829203790395","0","0.00014023829203790395","0.00014023829203790395","144:68;146:68","144:0.0018869814511640048;146:0.0018256620237300514","144:0.0022333709959687364;146:0.0016478448228399167","0.04443359375","Yes"
"146","84.01009968303207","35.365685665741466","0.009033203125","0.0185546875","0.005126953125","1560","0.00015097144328849298","24","0.00015097144328849298","0","0.00015097144328849298","0.00015097144328849298","145:68;147:88","145:0.0018256620237300514;147:0.0021890856616763876","145:0.0016478448228399167;147:0.002018766908686853","0.009033203125","Yes"
"147","138.66824973936883","135.55239690310785","0.00927734375","0.01513671875","0.00341796875","1560","0.0006042508989489756","24","0.0006042508989489756","0","0.0006042508989489756","0.0006042508989489756","148:68;137:68;146:88","148:0.0029125291893858374;137:0.00220203349625564;146:0.0021890856616763876","148:0.002630802124075071;137:0.0020959505926929634;146:0.002018766908686853","0.00927734375","Yes"
"148","140.52113458870613","162.70462428836237","0.0089111328125","0.016357421875","0.00146484375","1560","0.000358851848110397","24","0.000358851848110397","0","0.000358851848110397","0.000358851848110397","147:68;149:68","147:0.0029125291893858374;149:0.012735457435261499","147:0.002630802124075071;149:0.010413911093189732","0.0089111328125","Yes"
"149","58.28448160847745","4.4646731699367965","0.09228515625","0.096435546875","0.088134765625","1560","0.0011716640878907778","24","0.0011716640878907778","0","0.0011716640878907778","0.0011716640878907778","150:68;148:68","150:0.012458506122002888;148:0.012735457435261499","150:0.0079695113104217;148:0.010413911093189732","0.09228515625","Yes"
"150","140.54897823278873","6.633921690524084","0.0067138671875","0.011474609375","0.001953125","1560","0.0007882831971280815","24","0.0007882831971280815","0","0.0007882831971280815","0.0007882831971280815","149:68;151:68","149:0.012458506122002888;151:0.007071815850857949","149:0.0079695113104217;151:0.007255632845952625","0.0067138671875","Yes"
"151","91.72616978313197","97.24346099378926","0.010986328125","0.017333984375","0.004638671875","1560","0.0002286334995533931","24","0.0002286334995533931","0","0.0002286334995533931","0.0002286334995533931","138:68;152:68;150:68","138:0.0025582723739437374;152:0.002368097576175482;150:0.007071815850857949","138:0.0020158669405044294;152:0.0021346709892919036;150:0.007255632845952625","0.010986328125","Yes"
"152","65.96318001203406","76.56038537836746","0.007080078125","0.012451171875","0.001708984375","1560","0.0002863799688826295","24","0.0002863799688826295","0","0.0002863799688826295","0.0002863799688826295","151:68;153:68","151:0.002368097576175482;153:0.0025636288518611217","151:0.0021346709892919036;153:0.0025245269277611726","0.007080078125","Yes"
"153","65.25730709742919","40.874807659246116","0.01806640625","0.025390625","0.0107421875","1560","0.00024090874717496734","24","0.00024090874717496734","0","0.00024090874717496734","0.00024090874717496734","152:68;154:68","152:0.0025636288518611217;154:0.0023018764721080276","152:0.0025245269277611726;154:0.002181873781686522","0.01806640625","Yes"
"154","187.52932579859268","135.86108805855213","0.0057373046875","0.005859375","0.005615234375","1560","0.00025130652882324927","24","0.00025130652882324927","0","0.00025130652882324927","0.00025130652882324927","153:68;155:68","153:0.0023018764721080276;155:0.0020301080262645765","153:0.002181873781686522;155:0.004323585537019864","0.0057373046875","Yes"
"155","127.7355097452431","15.979232103029346","0.019287109375","0.026123046875","0.012451171875","1560","0.00013078433835553624","24","0.00013078433835553624","0","0.00013078433835553624","0.00013078433835553624","139:68;154:68","139:0.002689855203332564;154:0.0020301080262645765","139:0.004869351463673038;154:0.004323585537019864","0.019287109375","Yes"